tarih,tutar,aciklama,isyeri,kategori,hesap
2025-10-01,65000.0,MAAŞ ÖDEMESİ - ABC TEKNOLOJİ A.Ş.,ABC Teknoloji A.Ş.,Gelir,Vadesiz Hesap
2025-10-02,-416.96,GETIRYEMEK ODEME,GetirYemek,Restoran,Kredi Kartı
2025-10-02,-305.58,UBER TRIP YOLCULUK,Uber,Ulaşım,Kredi Kartı
2025-10-03,-1995.58,BOYNER BUYUK MAGAZACILIK,Boyner,Giyim,Kredi Kartı
2025-10-03,-18500.0,KİRA ÖDEMESİ - AHMET YILMAZ,Ev Sahibi Ahmet Yılmaz,Kira,Vadesiz Hesap
2025-10-04,-221.68,POS HARCAMA BIM MARKET,BİM,Market,Kredi Kartı
2025-10-04,-638.28,DEFACTO PERAKENDE,DeFacto,Giyim,Kredi Kartı
2025-10-04,-206.54,KOFTECI YUSUF ET,Köfteci Yusuf,Restoran,Kredi Kartı
2025-10-05,-219.86,POS HARCAMA BIM MARKET,BİM,Market,Kredi Kartı
2025-10-05,-508.59,GETIRYEMEK ODEME,GetirYemek,Restoran,Kredi Kartı
2025-10-05,-138.19,MEMORIAL HASTANESI LAB,Memorial Hastanesi,Sağlık,Kredi Kartı
2025-10-05,-244.77,PLAYSTATION NETWORK GIK,PlayStation Network,Eğlence,Kredi Kartı
2025-10-05,-303.51,STARBUCKS COFFEE,Starbucks,Bilinmiyor,Kredi Kartı
2025-10-05,-1250.0,MACFIT AYLIK ÜYELİK,MacFit,Abonelik,Vadesiz Hesap
2025-10-06,-60.62,BP PETROL OTOYOL,BP,Ulaşım,Kredi Kartı
2025-10-06,-304.06,GETIRYEMEK ODEME,GetirYemek,Restoran,Kredi Kartı
2025-10-07,-294.23,ESPRESSOLAB KAHVE,EspressoLab,Restoran,Kredi Kartı
2025-10-08,-144.16,GRATIS KISISEL BAKIM,Gratis,Sağlık,Kredi Kartı
2025-10-09,-103.68,UBER TRIP YOLCULUK,Uber,Bilinmiyor,Kredi Kartı
2025-10-10,-390.0,FATURA ÖDEMESİ TÜRK TELEKOM,Türk Telekom,Fatura,Vadesiz Hesap
2025-10-11,-205.54,BURGER KING SUBE,Burger King,Bilinmiyor,Kredi Kartı
2025-10-11,-198.8,KOFTECI YUSUF ET,Köfteci Yusuf,Bilinmiyor,Kredi Kartı
2025-10-11,-1464.13,MANGO TURKIYE GIYIM,Mango,Giyim,Kredi Kartı
2025-10-12,-129.3,ESPRESSOLAB KAHVE,EspressoLab,Restoran,Kredi Kartı
2025-10-12,-731.5,LC WAIKIKI MAGAZACILIK,LC Waikiki,Giyim,Kredi Kartı
2025-10-12,-337.07,STEAM PURCHASE VALVE,Steam Games,Eğlence,Kredi Kartı
2025-10-12,-229.99,NETFLIX.COM ABONELİK,Netflix,Abonelik,Vadesiz Hesap
2025-10-13,-383.37,SOK MARKETLER T.A.S.,Şok,Market,Kredi Kartı
2025-10-14,-286.5,POS ALISVERIS MIGROS,Migros,Market,Kredi Kartı
2025-10-14,-127.21,OPET PETROL OTOMOTIV,Opet,Ulaşım,Kredi Kartı
2025-10-14,-190.44,SHELL AKARYAKIT ISTASYONU,Shell,Ulaşım,Kredi Kartı
2025-10-14,-181.04,TCDD ONLINE BILET,TCDD Taşımacılık,Ulaşım,Kredi Kartı
2025-10-15,-430.3,ESPRESSOLAB KAHVE,EspressoLab,Restoran,Kredi Kartı
2025-10-15,-239.6,SOK MARKETLER T.A.S.,Şok,Market,Kredi Kartı
2025-10-15,-850.0,OTOMATİK FATURA ENERJİSA,Enerjisa,Fatura,Vadesiz Hesap
2025-10-16,-431.1,CARREFOURSA MINI KART,CarrefourSA,Market,Kredi Kartı
2025-10-18,-1135.11,DEFACTO PERAKENDE,DeFacto,Giyim,Kredi Kartı
2025-10-19,-429.93,GETIRYEMEK ODEME,GetirYemek,Restoran,Kredi Kartı
2025-10-19,-117.73,ISTANBULKART YUKLEME BELBIM,İstanbulkart,Ulaşım,Kredi Kartı
2025-10-19,-59.99,SPOTIFY PREMIUM,Spotify,Abonelik,Vadesiz Hesap
2025-10-20,-195.08,UBER TRIP YOLCULUK,Uber,Ulaşım,Kredi Kartı
2025-10-20,-162.5,SOK MARKETLER T.A.S.,Şok,Market,Kredi Kartı
2025-10-20,-281.6,OTOMATİK FATURA İSKİ,İSKİ,Fatura,Vadesiz Hesap
2025-10-21,-53.22,ISTANBULKART YUKLEME BELBIM,İstanbulkart,Ulaşım,Kredi Kartı
2025-10-21,-338.93,SOK MARKETLER T.A.S.,Şok,Market,Kredi Kartı
2025-10-22,-205.02,ACIBADEM POLIKLINIK,Acıbadem Sağlık,Bilinmiyor,Kredi Kartı
2025-10-23,-985.42,DEFACTO PERAKENDE,DeFacto,Giyim,Kredi Kartı
2025-10-23,-432.31,SOK MARKETLER T.A.S.,Şok,Market,Kredi Kartı
2025-10-23,-79.99,GOOGLE YOUTUBE PREMIUM,YouTube Premium,Abonelik,Vadesiz Hesap
2025-10-24,-1330.21,BOYNER BUYUK MAGAZACILIK,Boyner,Giyim,Kredi Kartı
2025-10-25,-2036.03,HEPSIBURADA PAZARYERI,Hepsiburada,Teknoloji,Kredi Kartı
2025-10-25,-208.25,MEMORIAL HASTANESI LAB,Memorial Hastanesi,Sağlık,Kredi Kartı
2025-10-25,-461.31,POS ALISVERIS MIGROS,Migros,Market,Kredi Kartı
2025-10-25,-80.67,SHELL AKARYAKIT ISTASYONU,Shell,Ulaşım,Kredi Kartı
2025-10-26,-434.29,POS HARCAMA BIM MARKET,BİM,Bilinmiyor,Kredi Kartı
2025-10-26,-339.52,CARREFOURSA MINI KART,CarrefourSA,Market,Kredi Kartı
2025-10-26,-391.62,KOFTECI YUSUF ET,Köfteci Yusuf,Restoran,Kredi Kartı
2025-10-29,-149.19,YEMEKSEPETI SIPARIS,Yemeksepeti,Restoran,Kredi Kartı
2025-10-31,-367.8,A101 YENIMAHALLE SUBESI,A101,Market,Kredi Kartı
2025-10-31,-793.35,MANGO TURKIYE GIYIM,Mango,Bilinmiyor,Kredi Kartı
2025-11-01,-308.01,A101 YENIMAHALLE SUBESI,A101,Market,Kredi Kartı
2025-11-01,-140.3,GETIRYEMEK ODEME,GetirYemek,Restoran,Kredi Kartı
2025-11-01,-138.02,POS ALISVERIS MIGROS,Migros,Market,Kredi Kartı
2025-11-01,-494.6,STARBUCKS COFFEE,Starbucks,Restoran,Kredi Kartı
2025-11-01,65000.0,MAAŞ ÖDEMESİ - ABC TEKNOLOJİ A.Ş.,ABC Teknoloji A.Ş.,Gelir,Vadesiz Hesap
2025-11-02,-429.32,CARREFOURSA MINI KART,CarrefourSA,Market,Kredi Kartı
2025-11-03,-283.16,ACIBADEM POLIKLINIK,Acıbadem Sağlık,Sağlık,Kredi Kartı
2025-11-03,-18500.0,KİRA ÖDEMESİ - AHMET YILMAZ,Ev Sahibi Ahmet Yılmaz,Kira,Vadesiz Hesap
2025-11-04,-739.76,BOYNER BUYUK MAGAZACILIK,Boyner,Bilinmiyor,Kredi Kartı
2025-11-04,-242.07,CINEMAXIMUM SINEMA BILET,Cinemaximum,Eğlence,Kredi Kartı
2025-11-04,-563.18,MEMORIAL HASTANESI LAB,Memorial Hastanesi,Sağlık,Kredi Kartı
2025-11-05,-492.65,CARREFOURSA MINI KART,CarrefourSA,Market,Kredi Kartı
2025-11-05,-347.51,OPET PETROL OTOMOTIV,Opet,Ulaşım,Kredi Kartı
2025-11-05,-384.79,SOK MARKETLER T.A.S.,Şok,Market,Kredi Kartı
2025-11-06,-1250.0,MACFIT AYLIK ÜYELİK,MacFit,Abonelik,Vadesiz Hesap
2025-11-07,-1227.75,LC WAIKIKI MAGAZACILIK,LC Waikiki,Giyim,Kredi Kartı
2025-11-08,-109.45,SHELL AKARYAKIT ISTASYONU,Shell,Ulaşım,Kredi Kartı
2025-11-08,-128.55,STARBUCKS COFFEE,Starbucks,Restoran,Kredi Kartı
2025-11-08,-113.64,YEMEKSEPETI SIPARIS,Yemeksepeti,Restoran,Kredi Kartı
2025-11-09,-258.69,A101 YENIMAHALLE SUBESI,A101,Market,Kredi Kartı
2025-11-09,-195.38,POS HARCAMA BIM MARKET,BİM,Market,Kredi Kartı
2025-11-09,-994.29,MEDIAMARKT TEKNOLOJI,MediaMarkt,Teknoloji,Kredi Kartı
2025-11-09,-326.94,POS ALISVERIS MIGROS,Migros,Market,Kredi Kartı
2025-11-09,-274.52,SHELL AKARYAKIT ISTASYONU,Shell,Ulaşım,Kredi Kartı
2025-11-09,-237.3,STARBUCKS COFFEE,Starbucks,Restoran,Kredi Kartı
2025-11-10,-390.0,FATURA ÖDEMESİ TÜRK TELEKOM,Türk Telekom,Fatura,Vadesiz Hesap
2025-11-11,-215.27,CARREFOURSA MINI KART,CarrefourSA,Market,Kredi Kartı
2025-11-11,-1397.61,DEFACTO PERAKENDE,DeFacto,Bilinmiyor,Kredi Kartı
2025-11-12,-162.95,UBER TRIP YOLCULUK,Uber,Ulaşım,Kredi Kartı
2025-11-13,-229.99,NETFLIX.COM ABONELİK,Netflix,Abonelik,Vadesiz Hesap
2025-11-14,-342.5,POS HARCAMA BIM MARKET,BİM,Market,Kredi Kartı
2025-11-14,-342.5,POS HARCAMA BIM MARKET,BİM,Market,Kredi Kartı
2025-11-15,-521.36,GRATIS KISISEL BAKIM,Gratis,Bilinmiyor,Kredi Kartı
2025-11-15,-442.37,POS ALISVERIS MIGROS,Migros,Market,Kredi Kartı
2025-11-15,-262.36,STEAM PURCHASE VALVE,Steam Games,Eğlence,Kredi Kartı
2025-11-15,-943.5,OTOMATİK FATURA ENERJİSA,Enerjisa,Fatura,Vadesiz Hesap
2025-11-17,-375.95,A101 YENIMAHALLE SUBESI,A101,Market,Kredi Kartı
2025-11-17,-59.99,SPOTIFY PREMIUM,Spotify,Abonelik,Vadesiz Hesap
2025-11-18,-919.08,TRENDYOL.COM ELEKTRONIK,Trendyol,Bilinmiyor,Kredi Kartı
2025-11-19,-451.68,D&R MAGAZALARI KITAP,D&R,Eğlence,Kredi Kartı
2025-11-19,-223.37,STEAM PURCHASE VALVE,Steam Games,Eğlence,Kredi Kartı
2025-11-20,-172.65,ESPRESSOLAB KAHVE,EspressoLab,Bilinmiyor,Kredi Kartı
2025-11-20,-286.74,OTOMATİK FATURA İSKİ,İSKİ,Fatura,Vadesiz Hesap
2025-11-21,-370.18,ESPRESSOLAB KAHVE,EspressoLab,Restoran,Kredi Kartı
2025-11-21,-101.61,ESPRESSOLAB KAHVE,EspressoLab,Bilinmiyor,Kredi Kartı
2025-11-21,-254.5,STEAM PURCHASE VALVE,Steam Games,Eğlence,Kredi Kartı
2025-11-22,-133.03,KOFTECI YUSUF ET,Köfteci Yusuf,Restoran,Kredi Kartı
2025-11-23,-377.08,SOK MARKETLER T.A.S.,Şok,Market,Kredi Kartı
2025-11-24,-290.74,CARREFOURSA MINI KART,CarrefourSA,Market,Kredi Kartı
2025-11-24,-355.52,STEAM PURCHASE VALVE,Steam Games,Eğlence,Kredi Kartı
2025-11-24,-79.99,GOOGLE YOUTUBE PREMIUM,YouTube Premium,Abonelik,Vadesiz Hesap
2025-11-25,-561.93,BOYNER BUYUK MAGAZACILIK,Boyner,Giyim,Kredi Kartı
2025-11-25,-524.35,CARREFOURSA MINI KART,CarrefourSA,Market,Kredi Kartı
2025-11-25,-371.91,SOK MARKETLER T.A.S.,Şok,Market,Kredi Kartı
2025-11-26,-372.13,BURGER KING SUBE,Burger King,Restoran,Kredi Kartı
2025-11-27,-704.87,CARREFOURSA MINI KART,CarrefourSA,Market,Kredi Kartı
2025-11-27,-286.65,KOFTECI YUSUF ET,Köfteci Yusuf,Restoran,Kredi Kartı
2025-11-27,-290.89,UBER TRIP YOLCULUK,Uber,Ulaşım,Kredi Kartı
2025-11-29,-162.27,BILETIX ETKINLIK BILETI,Biletix,Bilinmiyor,Kredi Kartı
2025-11-29,-114.49,BILETIX ETKINLIK BILETI,Biletix,Eğlence,Kredi Kartı
2025-11-29,-412.91,POS HARCAMA BIM MARKET,BİM,Market,Kredi Kartı
2025-11-29,-305.83,ESPRESSOLAB KAHVE,EspressoLab,Restoran,Kredi Kartı
2025-11-29,-3214.62,TEKNOSA ELEKTRONIK,Teknosa,Teknoloji,Kredi Kartı
2025-12-01,-504.36,CARREFOURSA MINI KART,CarrefourSA,Market,Kredi Kartı
2025-12-01,-276.14,SEMT KIRTASIYESI VE OFIS,Kırtasiye,Diğer,Kredi Kartı
2025-12-01,-439.01,POS ALISVERIS MIGROS,Migros,Market,Kredi Kartı
2025-12-01,-194.25,TERZI TADILAT ISLERI,Terzi,Diğer,Kredi Kartı
2025-12-01,65000.0,MAAŞ ÖDEMESİ - ABC TEKNOLOJİ A.Ş.,ABC Teknoloji A.Ş.,Gelir,Vadesiz Hesap
2025-12-02,-778.05,BOYNER BUYUK MAGAZACILIK,Boyner,Giyim,Kredi Kartı
2025-12-02,-304.32,CARREFOURSA MINI KART,CarrefourSA,Market,Kredi Kartı
2025-12-03,-237.33,A101 YENIMAHALLE SUBESI,A101,Bilinmiyor,Kredi Kartı
2025-12-03,-168.85,A101 YENIMAHALLE SUBESI,A101,Market,Kredi Kartı
2025-12-03,-429.93,CARREFOURSA MINI KART,CarrefourSA,Market,Kredi Kartı
2025-12-03,-451.33,D&R MAGAZALARI KITAP,D&R,Eğlence,Kredi Kartı
2025-12-03,-478.75,DEFACTO PERAKENDE,DeFacto,Giyim,Kredi Kartı
2025-12-03,-96.84,ISTANBULKART YUKLEME BELBIM,İstanbulkart,Ulaşım,Kredi Kartı
2025-12-03,-18500.0,KİRA ÖDEMESİ - AHMET YILMAZ,Ev Sahibi Ahmet Yılmaz,Kira,Vadesiz Hesap
2025-12-04,-1250.0,MACFIT AYLIK ÜYELİK,MacFit,Abonelik,Vadesiz Hesap
2025-12-05,-277.65,OPET PETROL OTOMOTIV,Opet,Ulaşım,Kredi Kartı
2025-12-05,-185.86,UBER TRIP YOLCULUK,Uber,Ulaşım,Kredi Kartı
2025-12-07,-86.79,BURGER KING SUBE,Burger King,Restoran,Kredi Kartı
2025-12-07,-629.21,STEAM PURCHASE VALVE,Steam Games,Bilinmiyor,Kredi Kartı
2025-12-08,-766.41,TRENDYOL.COM ELEKTRONIK,Trendyol,Teknoloji,Kredi Kartı
2025-12-08,-560.45,SOK MARKETLER T.A.S.,Şok,Bilinmiyor,Kredi Kartı
2025-12-09,-316.61,SOK MARKETLER T.A.S.,Şok,Market,Kredi Kartı
2025-12-10,-390.0,FATURA ÖDEMESİ TÜRK TELEKOM,Türk Telekom,Fatura,Vadesiz Hesap
2025-12-11,-226.73,ESPRESSOLAB KAHVE,EspressoLab,Restoran,Kredi Kartı
2025-12-11,-229.99,NETFLIX.COM ABONELİK,Netflix,Abonelik,Vadesiz Hesap
2025-12-13,-355.83,CARREFOURSA MINI KART,CarrefourSA,Market,Kredi Kartı
2025-12-13,-159.6,SHELL AKARYAKIT ISTASYONU,Shell,Ulaşım,Kredi Kartı
2025-12-15,-379.38,CARREFOURSA MINI KART,CarrefourSA,Market,Kredi Kartı
2025-12-15,-282.6,CARREFOURSA MINI KART,CarrefourSA,Market,Kredi Kartı
2025-12-15,-253.33,KOFTECI YUSUF ET,Köfteci Yusuf,Restoran,Kredi Kartı
2025-12-15,-448.98,MEMORIAL HASTANESI LAB,Memorial Hastanesi,Bilinmiyor,Kredi Kartı
2025-12-15,-1011.95,OTOMATİK FATURA ENERJİSA,Enerjisa,Fatura,Vadesiz Hesap
2025-12-16,-393.2,A101 YENIMAHALLE SUBESI,A101,Market,Kredi Kartı
2025-12-17,-148.7,SHELL AKARYAKIT ISTASYONU,Shell,Ulaşım,Kredi Kartı
2025-12-17,-62.79,SHELL AKARYAKIT ISTASYONU,Shell,Ulaşım,Kredi Kartı
2025-12-18,-561.3,A101 YENIMAHALLE SUBESI,A101,Market,Kredi Kartı
2025-12-18,-38499.0,POS ALISVERIS APPLE STORE ZORLU,Apple Store,Teknoloji,Kredi Kartı
2025-12-18,-162.21,YEMEKSEPETI SIPARIS,Yemeksepeti,Restoran,Kredi Kartı
2025-12-18,-38.08,ISTANBULKART YUKLEME BELBIM,İstanbulkart,Bilinmiyor,Kredi Kartı
2025-12-18,-59.99,SPOTIFY PREMIUM,Spotify,Abonelik,Vadesiz Hesap
2025-12-19,-901.96,MANGO TURKIYE GIYIM,Mango,Giyim,Kredi Kartı
2025-12-19,-291.15,YEMEKSEPETI SIPARIS,Yemeksepeti,Bilinmiyor,Kredi Kartı
2025-12-20,-258.9,A101 YENIMAHALLE SUBESI,A101,Market,Kredi Kartı
2025-12-20,-273.57,KOFTECI YUSUF ET,Köfteci Yusuf,Restoran,Kredi Kartı
2025-12-20,-300.8,OTOMATİK FATURA İSKİ,İSKİ,Fatura,Vadesiz Hesap
2025-12-22,-440.77,SOK MARKETLER T.A.S.,Şok,Market,Kredi Kartı
2025-12-23,-409.84,CARREFOURSA MINI KART,CarrefourSA,Market,Kredi Kartı
2025-12-24,-494.49,ECZANE ILAC VE MEDIKAL,Eczane,Sağlık,Kredi Kartı
2025-12-24,-280.11,KOFTECI YUSUF ET,Köfteci Yusuf,Restoran,Kredi Kartı
2025-12-24,-214.56,SOK MARKETLER T.A.S.,Şok,Market,Kredi Kartı
2025-12-25,-476.22,CARREFOURSA MINI KART,CarrefourSA,Market,Kredi Kartı
2025-12-25,-222.6,GETIRYEMEK ODEME,GetirYemek,Restoran,Kredi Kartı
2025-12-25,-91.43,OPET PETROL OTOMOTIV,Opet,Ulaşım,Kredi Kartı
2025-12-25,-367.56,YEMEKSEPETI SIPARIS,Yemeksepeti,Restoran,Kredi Kartı
2025-12-25,-79.99,GOOGLE YOUTUBE PREMIUM,YouTube Premium,Abonelik,Vadesiz Hesap
2025-12-26,-549.0,KOFTECI YUSUF ET,Köfteci Yusuf,Bilinmiyor,Kredi Kartı
2025-12-30,-275.0,CARREFOURSA MINI KART,CarrefourSA,Market,Kredi Kartı
2025-12-30,-215.65,POS ALISVERIS MIGROS,Migros,Market,Kredi Kartı
2025-12-30,-165.81,OPET PETROL OTOMOTIV,Opet,Ulaşım,Kredi Kartı
2025-12-31,-242.9,A101 YENIMAHALLE SUBESI,A101,Bilinmiyor,Kredi Kartı
2025-12-31,-59.43,ISTANBULKART YUKLEME BELBIM,İstanbulkart,Ulaşım,Kredi Kartı
2026-01-01,-100.14,BP PETROL OTOYOL,BP,Ulaşım,Kredi Kartı
2026-01-01,-346.51,BILETIX ETKINLIK BILETI,Biletix,Eğlence,Kredi Kartı
2026-01-01,-258.83,POS HARCAMA BIM MARKET,BİM,Market,Kredi Kartı
2026-01-01,-207.46,OPET PETROL OTOMOTIV,Opet,Ulaşım,Kredi Kartı
2026-01-01,65000.0,MAAŞ ÖDEMESİ - ABC TEKNOLOJİ A.Ş.,ABC Teknoloji A.Ş.,Gelir,Vadesiz Hesap
2026-01-03,-328.2,ESPRESSOLAB KAHVE,EspressoLab,Bilinmiyor,Kredi Kartı
2026-01-03,-105.29,STARBUCKS COFFEE,Starbucks,Bilinmiyor,Kredi Kartı
2026-01-03,-255.33,STEAM PURCHASE VALVE,Steam Games,Eğlence,Kredi Kartı
2026-01-03,-261.32,YEMEKSEPETI SIPARIS,Yemeksepeti,Restoran,Kredi Kartı
2026-01-03,-178.79,YEMEKSEPETI SIPARIS,Yemeksepeti,Restoran,Kredi Kartı
2026-01-03,-18500.0,KİRA ÖDEMESİ - AHMET YILMAZ,Ev Sahibi Ahmet Yılmaz,Kira,Vadesiz Hesap
2026-01-04,-430.98,CINEMAXIMUM SINEMA BILET,Cinemaximum,Eğlence,Kredi Kartı
2026-01-04,-170.76,KOFTECI YUSUF ET,Köfteci Yusuf,Bilinmiyor,Kredi Kartı
2026-01-04,-248.62,MEMORIAL HASTANESI LAB,Memorial Hastanesi,Sağlık,Kredi Kartı
2026-01-04,-152.85,STARBUCKS COFFEE,Starbucks,Restoran,Kredi Kartı
2026-01-05,-383.33,STARBUCKS COFFEE,Starbucks,Restoran,Kredi Kartı
2026-01-05,-1250.0,MACFIT AYLIK ÜYELİK,MacFit,Abonelik,Vadesiz Hesap
2026-01-06,-378.2,POS HARCAMA BIM MARKET,BİM,Market,Kredi Kartı
2026-01-06,-220.32,OPET PETROL OTOMOTIV,Opet,Ulaşım,Kredi Kartı
2026-01-07,-582.03,POS ALISVERIS MIGROS,Migros,Bilinmiyor,Kredi Kartı
2026-01-08,-663.91,CINEMAXIMUM SINEMA BILET,Cinemaximum,Bilinmiyor,Kredi Kartı
2026-01-09,-450.63,PTT KARGO GONDERIM,PTT,Diğer,Kredi Kartı
2026-01-10,-138.47,GRATIS KISISEL BAKIM,Gratis,Sağlık,Kredi Kartı
2026-01-10,-153.14,OTO YIKAMA VE TEMIZLIK,Oto Yıkama,Diğer,Kredi Kartı
2026-01-10,-234.91,STARBUCKS COFFEE,Starbucks,Restoran,Kredi Kartı
2026-01-10,-97.93,STARBUCKS COFFEE,Starbucks,Restoran,Kredi Kartı
2026-01-10,-390.0,FATURA ÖDEMESİ TÜRK TELEKOM,Türk Telekom,Fatura,Vadesiz Hesap
2026-01-11,-431.35,A101 YENIMAHALLE SUBESI,A101,Bilinmiyor,Kredi Kartı
2026-01-11,-463.73,MANGO TURKIYE GIYIM,Mango,Giyim,Kredi Kartı
2026-01-11,-296.64,YEMEKSEPETI SIPARIS,Yemeksepeti,Bilinmiyor,Kredi Kartı
2026-01-12,-271.9,A101 YENIMAHALLE SUBESI,A101,Market,Kredi Kartı
2026-01-12,-442.36,POS ALISVERIS MIGROS,Migros,Bilinmiyor,Kredi Kartı
2026-01-12,-229.99,NETFLIX.COM ABONELİK,Netflix,Abonelik,Vadesiz Hesap
2026-01-13,-403.6,POS ALISVERIS MIGROS,Migros,Market,Kredi Kartı
2026-01-14,-177.19,POS ALISVERIS MIGROS,Migros,Market,Kredi Kartı
2026-01-14,-114.73,OPET PETROL OTOMOTIV,Opet,Ulaşım,Kredi Kartı
2026-01-15,-376.09,POS HARCAMA BIM MARKET,BİM,Bilinmiyor,Kredi Kartı
2026-01-15,-74.63,TERZI TADILAT ISLERI,Terzi,Diğer,Kredi Kartı
2026-01-15,-1037.0,OTOMATİK FATURA ENERJİSA,Enerjisa,Fatura,Vadesiz Hesap
2026-01-16,-204.49,SOK MARKETLER T.A.S.,Şok,Market,Kredi Kartı
2026-01-17,-189.26,BURGER KING SUBE,Burger King,Restoran,Kredi Kartı
2026-01-17,-224.28,STARBUCKS COFFEE,Starbucks,Bilinmiyor,Kredi Kartı
2026-01-18,-280.39,ESPRESSOLAB KAHVE,EspressoLab,Bilinmiyor,Kredi Kartı
2026-01-18,-159.37,POS ALISVERIS MIGROS,Migros,Bilinmiyor,Kredi Kartı
2026-01-18,-236.51,STARBUCKS COFFEE,Starbucks,Restoran,Kredi Kartı
2026-01-19,-59.99,SPOTIFY PREMIUM,Spotify,Abonelik,Vadesiz Hesap
2026-01-20,-823.8,APPLE STORE ZORLU,Apple Store,Teknoloji,Kredi Kartı
2026-01-20,-259.99,D&R MAGAZALARI KITAP,D&R,Eğlence,Kredi Kartı
2026-01-20,-599.79,MANGO TURKIYE GIYIM,Mango,Giyim,Kredi Kartı
2026-01-20,-320.0,OTOMATİK FATURA İSKİ,İSKİ,Fatura,Vadesiz Hesap
2026-01-21,-182.97,CARREFOURSA MINI KART,CarrefourSA,Market,Kredi Kartı
2026-01-21,-547.61,KOFTECI YUSUF ET,Köfteci Yusuf,Restoran,Kredi Kartı
2026-01-21,-342.42,MANGO TURKIYE GIYIM,Mango,Giyim,Kredi Kartı
2026-01-21,-137.78,MEMORIAL HASTANESI LAB,Memorial Hastanesi,Sağlık,Kredi Kartı
2026-01-21,-365.74,OTO YIKAMA VE TEMIZLIK,Oto Yıkama,Diğer,Kredi Kartı
2026-01-22,-114.03,ISTANBULKART YUKLEME BELBIM,İstanbulkart,Bilinmiyor,Kredi Kartı
2026-01-23,-79.99,GOOGLE YOUTUBE PREMIUM,YouTube Premium,Abonelik,Vadesiz Hesap
2026-01-24,-347.09,GETIRYEMEK ODEME,GetirYemek,Bilinmiyor,Kredi Kartı
2026-01-24,-137.03,SEMT KIRTASIYESI VE OFIS,Kırtasiye,Diğer,Kredi Kartı
2026-01-25,-274.72,A101 YENIMAHALLE SUBESI,A101,Market,Kredi Kartı
2026-01-25,-303.43,ESPRESSOLAB KAHVE,EspressoLab,Restoran,Kredi Kartı
2026-01-25,-338.31,OTO YIKAMA VE TEMIZLIK,Oto Yıkama,Diğer,Kredi Kartı
2026-01-26,-234.26,BURGER KING SUBE,Burger King,Bilinmiyor,Kredi Kartı
2026-01-26,-239.15,STEAM PURCHASE VALVE,Steam Games,Bilinmiyor,Kredi Kartı
2026-01-27,-364.21,ACIBADEM POLIKLINIK,Acıbadem Sağlık,Bilinmiyor,Kredi Kartı
2026-01-27,-537.51,LC WAIKIKI MAGAZACILIK,LC Waikiki,Bilinmiyor,Kredi Kartı
2026-01-27,-505.79,SOK MARKETLER T.A.S.,Şok,Market,Kredi Kartı
2026-01-30,-100.54,ACIBADEM POLIKLINIK,Acıbadem Sağlık,Bilinmiyor,Kredi Kartı
2026-01-30,-116.3,PTT KARGO GONDERIM,PTT,Diğer,Kredi Kartı
2026-01-30,-454.69,PLAYSTATION NETWORK GIK,PlayStation Network,Eğlence,Kredi Kartı
2026-01-31,-242.55,STARBUCKS COFFEE,Starbucks,Restoran,Kredi Kartı
2026-02-01,-779.69,CARREFOURSA MINI KART,CarrefourSA,Market,Kredi Kartı
2026-02-01,-183.29,ESPRESSOLAB KAHVE,EspressoLab,Bilinmiyor,Kredi Kartı
2026-02-01,-139.8,GETIRYEMEK ODEME,GetirYemek,Restoran,Kredi Kartı
2026-02-01,-372.84,POS ALISVERIS MIGROS,Migros,Market,Kredi Kartı
2026-02-01,-185.29,YEMEKSEPETI SIPARIS,Yemeksepeti,Bilinmiyor,Kredi Kartı
2026-02-01,65000.0,MAAŞ ÖDEMESİ - ABC TEKNOLOJİ A.Ş.,ABC Teknoloji A.Ş.,Gelir,Vadesiz Hesap
2026-02-02,-225.06,POS ALISVERIS MIGROS,Migros,Market,Kredi Kartı
2026-02-02,-197.82,SOK MARKETLER T.A.S.,Şok,Market,Kredi Kartı
2026-02-03,-18500.0,KİRA ÖDEMESİ - AHMET YILMAZ,Ev Sahibi Ahmet Yılmaz,Kira,Vadesiz Hesap
2026-02-04,-217.94,POS HARCAMA BIM MARKET,BİM,Market,Kredi Kartı
2026-02-04,-338.45,CARREFOURSA MINI KART,CarrefourSA,Market,Kredi Kartı
2026-02-04,-153.98,OPET PETROL OTOMOTIV,Opet,Ulaşım,Kredi Kartı
2026-02-05,-212.29,SOK MARKETLER T.A.S.,Şok,Bilinmiyor,Kredi Kartı
2026-02-06,-181.6,TCDD ONLINE BILET,TCDD Taşımacılık,Ulaşım,Kredi Kartı
2026-02-06,-1250.0,MACFIT AYLIK ÜYELİK,MacFit,Abonelik,Vadesiz Hesap
2026-02-07,-124.42,A101 YENIMAHALLE SUBESI,A101,Market,Kredi Kartı
2026-02-09,-336.91,KOFTECI YUSUF ET,Köfteci Yusuf,Restoran,Kredi Kartı
2026-02-09,-190.46,UBER TRIP YOLCULUK,Uber,Ulaşım,Kredi Kartı
2026-02-10,-390.0,FATURA ÖDEMESİ TÜRK TELEKOM,Türk Telekom,Fatura,Vadesiz Hesap
2026-02-12,-464.69,A101 YENIMAHALLE SUBESI,A101,Market,Kredi Kartı
2026-02-12,-178.75,BURGER KING SUBE,Burger King,Restoran,Kredi Kartı
2026-02-12,-297.81,MEMORIAL HASTANESI LAB,Memorial Hastanesi,Sağlık,Kredi Kartı
2026-02-13,-750.77,MEMORIAL HASTANESI LAB,Memorial Hastanesi,Sağlık,Kredi Kartı
2026-02-13,-229.99,NETFLIX.COM ABONELİK,Netflix,Abonelik,Vadesiz Hesap
2026-02-14,-150.23,POS HARCAMA BIM MARKET,BİM,Market,Kredi Kartı
2026-02-14,-258.07,ISTANBULKART YUKLEME BELBIM,İstanbulkart,Ulaşım,Kredi Kartı
2026-02-15,-1589.21,BOYNER BUYUK MAGAZACILIK,Boyner,Giyim,Kredi Kartı
2026-02-15,-426.87,GETIRYEMEK ODEME,GetirYemek,Bilinmiyor,Kredi Kartı
2026-02-15,-200.91,POS ALISVERIS MIGROS,Migros,Market,Kredi Kartı
2026-02-15,-582.78,PLAYSTATION NETWORK GIK,PlayStation Network,Bilinmiyor,Kredi Kartı
2026-02-15,-1676.69,ZARA GIYIM MAGAZA,Zara,Giyim,Kredi Kartı
2026-02-15,-193.22,SOK MARKETLER T.A.S.,Şok,Market,Kredi Kartı
2026-02-15,-1011.95,OTOMATİK FATURA ENERJİSA,Enerjisa,Fatura,Vadesiz Hesap
2026-02-16,-134.36,ACIBADEM POLIKLINIK,Acıbadem Sağlık,Sağlık,Kredi Kartı
2026-02-16,-681.48,POS ALISVERIS MIGROS,Migros,Bilinmiyor,Kredi Kartı
2026-02-17,-164.67,D&R MAGAZALARI KITAP,D&R,Eğlence,Kredi Kartı
2026-02-17,-559.28,POS ALISVERIS MIGROS,Migros,Bilinmiyor,Kredi Kartı
2026-02-17,-59.99,SPOTIFY PREMIUM,Spotify,Abonelik,Vadesiz Hesap
2026-02-18,-397.01,D&R MAGAZALARI KITAP,D&R,Eğlence,Kredi Kartı
2026-02-19,-155.4,POS HARCAMA BIM MARKET,BİM,Market,Kredi Kartı
2026-02-20,-1792.92,BOYNER BUYUK MAGAZACILIK,Boyner,Giyim,Kredi Kartı
2026-02-20,-230.5,CARREFOURSA MINI KART,CarrefourSA,Market,Kredi Kartı
2026-02-20,-465.76,GETIRYEMEK ODEME,GetirYemek,Restoran,Kredi Kartı
2026-02-20,-141.81,SHELL AKARYAKIT ISTASYONU,Shell,Ulaşım,Kredi Kartı
2026-02-20,-339.2,OTOMATİK FATURA İSKİ,İSKİ,Fatura,Vadesiz Hesap
2026-02-21,-508.05,GETIRYEMEK ODEME,GetirYemek,Restoran,Kredi Kartı
2026-02-22,-67.74,SHELL AKARYAKIT ISTASYONU,Shell,Ulaşım,Kredi Kartı
2026-02-22,-146.77,STARBUCKS COFFEE,Starbucks,Restoran,Kredi Kartı
2026-02-22,-247.45,SOK MARKETLER T.A.S.,Şok,Market,Kredi Kartı
2026-02-23,-167.51,CARREFOURSA MINI KART,CarrefourSA,Market,Kredi Kartı
2026-02-23,-122.51,SHELL AKARYAKIT ISTASYONU,Shell,Ulaşım,Kredi Kartı
2026-02-24,-901.97,BOYNER BUYUK MAGAZACILIK,Boyner,Bilinmiyor,Kredi Kartı
2026-02-24,-404.79,POS HARCAMA BIM MARKET,BİM,Market,Kredi Kartı
2026-02-24,-79.99,GOOGLE YOUTUBE PREMIUM,YouTube Premium,Abonelik,Vadesiz Hesap
2026-02-25,-412.94,POS HARCAMA BIM MARKET,BİM,Bilinmiyor,Kredi Kartı
2026-02-25,-400.69,CARREFOURSA MINI KART,CarrefourSA,Bilinmiyor,Kredi Kartı
2026-02-25,-637.64,POS ALISVERIS MIGROS,Migros,Bilinmiyor,Kredi Kartı
2026-02-26,-235.22,STEAM PURCHASE VALVE,Steam Games,Bilinmiyor,Kredi Kartı
2026-02-27,-279.62,POS HARCAMA BIM MARKET,BİM,Market,Kredi Kartı
2026-02-27,-159.61,SHELL AKARYAKIT ISTASYONU,Shell,Bilinmiyor,Kredi Kartı
2026-02-28,-188.55,ESPRESSOLAB KAHVE,EspressoLab,Bilinmiyor,Kredi Kartı
2026-02-28,-161.85,YEMEKSEPETI SIPARIS,Yemeksepeti,Restoran,Kredi Kartı
2026-03-01,-512.7,CARREFOURSA MINI KART,CarrefourSA,Market,Kredi Kartı
2026-03-01,-1923.74,DEFACTO PERAKENDE,DeFacto,Giyim,Kredi Kartı
2026-03-01,65000.0,MAAŞ ÖDEMESİ - ABC TEKNOLOJİ A.Ş.,ABC Teknoloji A.Ş.,Gelir,Vadesiz Hesap
2026-03-02,-168.08,ISTANBULKART YUKLEME BELBIM,İstanbulkart,Ulaşım,Kredi Kartı
2026-03-03,-104.38,YEMEKSEPETI SIPARIS,Yemeksepeti,Bilinmiyor,Kredi Kartı
2026-03-03,-18500.0,KİRA ÖDEMESİ - AHMET YILMAZ,Ev Sahibi Ahmet Yılmaz,Kira,Vadesiz Hesap
2026-03-04,-1250.0,MACFIT AYLIK ÜYELİK,MacFit,Abonelik,Vadesiz Hesap
2026-03-05,-556.8,A101 YENIMAHALLE SUBESI,A101,Market,Kredi Kartı
2026-03-05,-29.25,SEMT KIRTASIYESI VE OFIS,Kırtasiye,Diğer,Kredi Kartı
2026-03-05,-245.43,STARBUCKS COFFEE,Starbucks,Restoran,Kredi Kartı
2026-03-06,-310.68,KOFTECI YUSUF ET,Köfteci Yusuf,Restoran,Kredi Kartı
2026-03-06,-302.96,TCDD ONLINE BILET,TCDD Taşımacılık,Ulaşım,Kredi Kartı
2026-03-07,-189.81,A101 YENIMAHALLE SUBESI,A101,Market,Kredi Kartı
2026-03-07,-221.17,SOK MARKETLER T.A.S.,Şok,Market,Kredi Kartı
2026-03-08,-300.95,POS HARCAMA BIM MARKET,BİM,Bilinmiyor,Kredi Kartı
2026-03-08,-219.1,ESPRESSOLAB KAHVE,EspressoLab,Bilinmiyor,Kredi Kartı
2026-03-08,-281.3,YEMEKSEPETI SIPARIS,Yemeksepeti,Restoran,Kredi Kartı
2026-03-09,-795.49,DEFACTO PERAKENDE,DeFacto,Giyim,Kredi Kartı
2026-03-10,-345.32,ECZANE ILAC VE MEDIKAL,Eczane,Sağlık,Kredi Kartı
2026-03-10,-982.62,LC WAIKIKI MAGAZACILIK,LC Waikiki,Giyim,Kredi Kartı
2026-03-10,-390.0,FATURA ÖDEMESİ TÜRK TELEKOM,Türk Telekom,Fatura,Vadesiz Hesap
2026-03-11,-192.09,BURGER KING SUBE,Burger King,Restoran,Kredi Kartı
2026-03-11,-420.41,POS ALISVERIS MIGROS,Migros,Market,Kredi Kartı
2026-03-11,-399.89,PLAYSTATION NETWORK GIK,PlayStation Network,Eğlence,Kredi Kartı
2026-03-11,-509.32,SOK MARKETLER T.A.S.,Şok,Market,Kredi Kartı
2026-03-11,-229.99,NETFLIX.COM ABONELİK,Netflix,Abonelik,Vadesiz Hesap
2026-03-12,-213.94,CARREFOURSA MINI KART,CarrefourSA,Market,Kredi Kartı
2026-03-13,-608.03,CARREFOURSA MINI KART,CarrefourSA,Market,Kredi Kartı
2026-03-13,-281.26,YEMEKSEPETI SIPARIS,Yemeksepeti,Restoran,Kredi Kartı
2026-03-14,-331.03,POS ALISVERIS MIGROS,Migros,Market,Kredi Kartı
2026-03-15,-761.33,MANGO TURKIYE GIYIM,Mango,Giyim,Kredi Kartı
2026-03-15,-3208.94,TRENDYOL.COM ELEKTRONIK,Trendyol,Teknoloji,Kredi Kartı
2026-03-15,-173.27,ISTANBULKART YUKLEME BELBIM,İstanbulkart,Ulaşım,Kredi Kartı
2026-03-15,-943.5,OTOMATİK FATURA ENERJİSA,Enerjisa,Fatura,Vadesiz Hesap
2026-03-16,-300.94,GETIRYEMEK ODEME,GetirYemek,Restoran,Kredi Kartı
2026-03-17,-289.43,ESPRESSOLAB KAHVE,EspressoLab,Restoran,Kredi Kartı
2026-03-17,-107.27,OPET PETROL OTOMOTIV,Opet,Ulaşım,Kredi Kartı
2026-03-18,-206.87,POS HARCAMA BIM MARKET,BİM,Market,Kredi Kartı
2026-03-18,-59.99,SPOTIFY PREMIUM,Spotify,Abonelik,Vadesiz Hesap
2026-03-19,-313.74,A101 YENIMAHALLE SUBESI,A101,Market,Kredi Kartı
2026-03-20,-204.2,BURGER KING SUBE,Burger King,Restoran,Kredi Kartı
2026-03-20,-100.89,TERZI TADILAT ISLERI,Terzi,Bilinmiyor,Kredi Kartı
2026-03-20,-353.26,OTOMATİK FATURA İSKİ,İSKİ,Fatura,Vadesiz Hesap
2026-03-21,-445.86,POS HARCAMA BIM MARKET,BİM,Market,Kredi Kartı
2026-03-22,-295.06,BURGER KING SUBE,Burger King,Restoran,Kredi Kartı
2026-03-23,-174.75,BP PETROL OTOYOL,BP,Bilinmiyor,Kredi Kartı
2026-03-23,-231.63,GETIRYEMEK ODEME,GetirYemek,Bilinmiyor,Kredi Kartı
2026-03-23,-143.54,ISTANBULKART YUKLEME BELBIM,İstanbulkart,Ulaşım,Kredi Kartı
2026-03-24,-360.61,A101 YENIMAHALLE SUBESI,A101,Market,Kredi Kartı
2026-03-24,-227.3,ESPRESSOLAB KAHVE,EspressoLab,Restoran,Kredi Kartı
2026-03-24,-63.4,TCDD ONLINE BILET,TCDD Taşımacılık,Bilinmiyor,Kredi Kartı
2026-03-25,-79.99,GOOGLE YOUTUBE PREMIUM,YouTube Premium,Abonelik,Vadesiz Hesap
2026-03-28,-584.57,A101 YENIMAHALLE SUBESI,A101,Market,Kredi Kartı
2026-03-28,-261.26,KOFTECI YUSUF ET,Köfteci Yusuf,Restoran,Kredi Kartı
2026-03-28,-526.35,POS ALISVERIS MIGROS,Migros,Market,Kredi Kartı
2026-03-28,-1058.15,TRENDYOL.COM ELEKTRONIK,Trendyol,Teknoloji,Kredi Kartı
2026-03-29,-149.75,YEMEKSEPETI SIPARIS,Yemeksepeti,Bilinmiyor,Kredi Kartı
2026-03-29,-148.43,YEMEKSEPETI SIPARIS,Yemeksepeti,Restoran,Kredi Kartı
2026-03-30,-252.52,STARBUCKS COFFEE,Starbucks,Restoran,Kredi Kartı
2026-03-31,-403.01,POS ALISVERIS MIGROS,Migros,Bilinmiyor,Kredi Kartı
2026-04-01,-399.25,OTO YIKAMA VE TEMIZLIK,Oto Yıkama,Diğer,Kredi Kartı
2026-04-01,-163.69,TERZI TADILAT ISLERI,Terzi,Diğer,Kredi Kartı
2026-04-01,65000.0,MAAŞ ÖDEMESİ - ABC TEKNOLOJİ A.Ş.,ABC Teknoloji A.Ş.,Gelir,Vadesiz Hesap
2026-04-02,-244.7,CINEMAXIMUM SINEMA BILET,Cinemaximum,Bilinmiyor,Kredi Kartı
2026-04-02,-377.22,POS ALISVERIS MIGROS,Migros,Market,Kredi Kartı
2026-04-03,-168.07,OTO YIKAMA VE TEMIZLIK,Oto Yıkama,Diğer,Kredi Kartı
2026-04-03,-18500.0,KİRA ÖDEMESİ - AHMET YILMAZ,Ev Sahibi Ahmet Yılmaz,Kira,Vadesiz Hesap
2026-04-04,-1475.55,DEFACTO PERAKENDE,DeFacto,Giyim,Kredi Kartı
2026-04-04,-517.53,MANGO TURKIYE GIYIM,Mango,Giyim,Kredi Kartı
2026-04-04,-203.56,OPET PETROL OTOMOTIV,Opet,Bilinmiyor,Kredi Kartı
2026-04-04,-57.46,OPET PETROL OTOMOTIV,Opet,Ulaşım,Kredi Kartı
2026-04-04,-290.06,STARBUCKS COFFEE,Starbucks,Restoran,Kredi Kartı
2026-04-04,-225.32,STARBUCKS COFFEE,Starbucks,Restoran,Kredi Kartı
2026-04-05,-870.49,LC WAIKIKI MAGAZACILIK,LC Waikiki,Giyim,Kredi Kartı
2026-04-05,-1250.0,MACFIT AYLIK ÜYELİK,MacFit,Abonelik,Vadesiz Hesap
2026-04-06,-246.48,STARBUCKS COFFEE,Starbucks,Restoran,Kredi Kartı
2026-04-06,-115.51,TCDD ONLINE BILET,TCDD Taşımacılık,Ulaşım,Kredi Kartı
2026-04-09,-269.72,GRATIS KISISEL BAKIM,Gratis,Sağlık,Kredi Kartı
2026-04-09,-404.62,POS ALISVERIS MIGROS,Migros,Bilinmiyor,Kredi Kartı
2026-04-09,-203.04,PTT KARGO GONDERIM,PTT,Diğer,Kredi Kartı
2026-04-09,-938.38,ZARA GIYIM MAGAZA,Zara,Giyim,Kredi Kartı
2026-04-10,-555.85,CARREFOURSA MINI KART,CarrefourSA,Market,Kredi Kartı
2026-04-10,-406.84,POS ALISVERIS MIGROS,Migros,Market,Kredi Kartı
2026-04-10,-390.0,FATURA ÖDEMESİ TÜRK TELEKOM,Türk Telekom,Fatura,Vadesiz Hesap
2026-04-11,-186.91,POS HARCAMA BIM MARKET,BİM,Market,Kredi Kartı
2026-04-11,-214.35,CARREFOURSA MINI KART,CarrefourSA,Market,Kredi Kartı
2026-04-11,-209.16,OPET PETROL OTOMOTIV,Opet,Ulaşım,Kredi Kartı
2026-04-11,-159.24,STARBUCKS COFFEE,Starbucks,Restoran,Kredi Kartı
2026-04-11,-510.63,STEAM PURCHASE VALVE,Steam Games,Eğlence,Kredi Kartı
2026-04-11,-197.43,UBER TRIP YOLCULUK,Uber,Ulaşım,Kredi Kartı
2026-04-12,-474.43,D&R MAGAZALARI KITAP,D&R,Eğlence,Kredi Kartı
2026-04-12,-330.03,ESPRESSOLAB KAHVE,EspressoLab,Restoran,Kredi Kartı
2026-04-12,-125.93,UBER TRIP YOLCULUK,Uber,Bilinmiyor,Kredi Kartı
2026-04-12,-244.86,YEMEKSEPETI SIPARIS,Yemeksepeti,Restoran,Kredi Kartı
2026-04-12,-164.25,ISTANBULKART YUKLEME BELBIM,İstanbulkart,Ulaşım,Kredi Kartı
2026-04-12,-229.99,NETFLIX.COM ABONELİK,Netflix,Abonelik,Vadesiz Hesap
2026-04-13,-265.54,POS ALISVERIS MIGROS,Migros,Market,Kredi Kartı
2026-04-14,-19850.0,BOYNER BUYUK MAGAZACILIK,Boyner,Giyim,Kredi Kartı
2026-04-14,-324.03,SOK MARKETLER T.A.S.,Şok,Market,Kredi Kartı
2026-04-15,-850.0,OTOMATİK FATURA ENERJİSA,Enerjisa,Fatura,Vadesiz Hesap
2026-04-16,-347.72,POS ALISVERIS MIGROS,Migros,Market,Kredi Kartı
2026-04-16,-141.15,OTO YIKAMA VE TEMIZLIK,Oto Yıkama,Diğer,Kredi Kartı
2026-04-17,-347.02,POS HARCAMA BIM MARKET,BİM,Market,Kredi Kartı
2026-04-17,-636.3,LC WAIKIKI MAGAZACILIK,LC Waikiki,Bilinmiyor,Kredi Kartı
2026-04-18,-911.32,BOYNER BUYUK MAGAZACILIK,Boyner,Giyim,Kredi Kartı
2026-04-18,-164.0,YEMEKSEPETI SIPARIS,Yemeksepeti,Restoran,Kredi Kartı
2026-04-19,-417.81,A101 YENIMAHALLE SUBESI,A101,Market,Kredi Kartı
2026-04-19,-819.16,BOYNER BUYUK MAGAZACILIK,Boyner,Giyim,Kredi Kartı
2026-04-19,-169.92,ESPRESSOLAB KAHVE,EspressoLab,Restoran,Kredi Kartı
2026-04-19,-182.49,GETIRYEMEK ODEME,GetirYemek,Restoran,Kredi Kartı
2026-04-19,-176.26,GETIRYEMEK ODEME,GetirYemek,Restoran,Kredi Kartı
2026-04-19,-59.99,SPOTIFY PREMIUM,Spotify,Abonelik,Vadesiz Hesap
2026-04-20,-577.96,A101 YENIMAHALLE SUBESI,A101,Market,Kredi Kartı
2026-04-20,-309.64,A101 YENIMAHALLE SUBESI,A101,Market,Kredi Kartı
2026-04-20,-358.4,OTOMATİK FATURA İSKİ,İSKİ,Fatura,Vadesiz Hesap
2026-04-22,-566.29,BOYNER BUYUK MAGAZACILIK,Boyner,Giyim,Kredi Kartı
2026-04-23,-372.29,ACIBADEM POLIKLINIK,Acıbadem Sağlık,Bilinmiyor,Kredi Kartı
2026-04-23,-292.1,POS HARCAMA BIM MARKET,BİM,Market,Kredi Kartı
2026-04-23,-577.9,GETIRYEMEK ODEME,GetirYemek,Restoran,Kredi Kartı
2026-04-23,-109.94,STARBUCKS COFFEE,Starbucks,Restoran,Kredi Kartı
2026-04-23,-79.99,GOOGLE YOUTUBE PREMIUM,YouTube Premium,Abonelik,Vadesiz Hesap
2026-04-24,-40.48,SHELL AKARYAKIT ISTASYONU,Shell,Ulaşım,Kredi Kartı
2026-04-24,-223.17,YEMEKSEPETI SIPARIS,Yemeksepeti,Bilinmiyor,Kredi Kartı
2026-04-25,-127.21,UBER TRIP YOLCULUK,Uber,Ulaşım,Kredi Kartı
2026-04-26,-232.2,POS ALISVERIS MIGROS,Migros,Market,Kredi Kartı
2026-04-26,-136.9,TERZI TADILAT ISLERI,Terzi,Bilinmiyor,Kredi Kartı
2026-04-27,-89.22,TERZI TADILAT ISLERI,Terzi,Diğer,Kredi Kartı
2026-04-27,-664.5,SOK MARKETLER T.A.S.,Şok,Market,Kredi Kartı
2026-04-29,-144.98,MEMORIAL HASTANESI LAB,Memorial Hastanesi,Sağlık,Kredi Kartı
2026-04-29,-591.1,ZARA GIYIM MAGAZA,Zara,Bilinmiyor,Kredi Kartı
2026-05-01,-277.33,GETIRYEMEK ODEME,GetirYemek,Bilinmiyor,Kredi Kartı
2026-05-01,65000.0,MAAŞ ÖDEMESİ - ABC TEKNOLOJİ A.Ş.,ABC Teknoloji A.Ş.,Gelir,Vadesiz Hesap
2026-05-02,-52.4,ACIBADEM POLIKLINIK,Acıbadem Sağlık,Sağlık,Kredi Kartı
2026-05-02,-3702.99,AMAZON TURKEY PERAKENDE,Amazon Türkiye,Teknoloji,Kredi Kartı
2026-05-02,-126.17,CARREFOURSA MINI KART,CarrefourSA,Bilinmiyor,Kredi Kartı
2026-05-03,-176.75,BURGER KING SUBE,Burger King,Restoran,Kredi Kartı
2026-05-03,-418.99,STEAM PURCHASE VALVE,Steam Games,Eğlence,Kredi Kartı
2026-05-03,-18500.0,KİRA ÖDEMESİ - AHMET YILMAZ,Ev Sahibi Ahmet Yılmaz,Kira,Vadesiz Hesap
2026-05-04,-191.49,CARREFOURSA MINI KART,CarrefourSA,Market,Kredi Kartı
2026-05-05,-403.29,BURGER KING SUBE,Burger King,Bilinmiyor,Kredi Kartı
2026-05-05,-290.74,SOK MARKETLER T.A.S.,Şok,Market,Kredi Kartı
2026-05-06,-175.75,STEAM PURCHASE VALVE,Steam Games,Eğlence,Kredi Kartı
2026-05-06,-1250.0,MACFIT AYLIK ÜYELİK,MacFit,Abonelik,Vadesiz Hesap
2026-05-07,-1730.19,AMAZON TURKEY PERAKENDE,Amazon Türkiye,Teknoloji,Kredi Kartı
2026-05-07,-230.0,ESPRESSOLAB KAHVE,EspressoLab,Bilinmiyor,Kredi Kartı
2026-05-07,-340.36,POS ALISVERIS MIGROS,Migros,Market,Kredi Kartı
2026-05-07,-80.67,OPET PETROL OTOMOTIV,Opet,Bilinmiyor,Kredi Kartı
2026-05-07,-195.67,YEMEKSEPETI SIPARIS,Yemeksepeti,Restoran,Kredi Kartı
2026-05-08,-642.64,DEFACTO PERAKENDE,DeFacto,Giyim,Kredi Kartı
2026-05-08,-251.88,SEMT KIRTASIYESI VE OFIS,Kırtasiye,Bilinmiyor,Kredi Kartı
2026-05-10,-360.41,BURGER KING SUBE,Burger King,Restoran,Kredi Kartı
2026-05-10,-390.0,FATURA ÖDEMESİ TÜRK TELEKOM,Türk Telekom,Fatura,Vadesiz Hesap
2026-05-11,-157.63,GETIRYEMEK ODEME,GetirYemek,Restoran,Kredi Kartı
2026-05-12,-288.16,GETIRYEMEK ODEME,GetirYemek,Restoran,Kredi Kartı
2026-05-13,-481.99,POS HARCAMA BIM MARKET,BİM,Bilinmiyor,Kredi Kartı
2026-05-13,-645.68,TEKNOSA ELEKTRONIK,Teknosa,Teknoloji,Kredi Kartı
2026-05-13,-229.99,NETFLIX.COM ABONELİK,Netflix,Abonelik,Vadesiz Hesap
2026-05-14,-29.14,TCDD ONLINE BILET,TCDD Taşımacılık,Ulaşım,Kredi Kartı
2026-05-15,-470.83,ECZANE ILAC VE MEDIKAL,Eczane,Sağlık,Kredi Kartı
2026-05-15,-183.79,TCDD ONLINE BILET,TCDD Taşımacılık,Ulaşım,Kredi Kartı
2026-05-15,-756.5,OTOMATİK FATURA ENERJİSA,Enerjisa,Fatura,Vadesiz Hesap
2026-05-16,-214.08,A101 YENIMAHALLE SUBESI,A101,Market,Kredi Kartı
2026-05-16,-284.57,ESPRESSOLAB KAHVE,EspressoLab,Restoran,Kredi Kartı
2026-05-17,-459.62,D&R MAGAZALARI KITAP,D&R,Eğlence,Kredi Kartı
2026-05-17,-146.03,STARBUCKS COFFEE,Starbucks,Restoran,Kredi Kartı
2026-05-17,-70.78,STARBUCKS COFFEE,Starbucks,Restoran,Kredi Kartı
2026-05-17,-59.99,SPOTIFY PREMIUM,Spotify,Abonelik,Vadesiz Hesap
2026-05-18,-98.65,BP PETROL OTOYOL,BP,Ulaşım,Kredi Kartı
2026-05-18,-260.87,GRATIS KISISEL BAKIM,Gratis,Sağlık,Kredi Kartı
2026-05-18,-1868.88,TRENDYOL.COM ELEKTRONIK,Trendyol,Teknoloji,Kredi Kartı
2026-05-18,-100.28,ISTANBULKART YUKLEME BELBIM,İstanbulkart,Ulaşım,Kredi Kartı
2026-05-19,-367.28,ECZANE ILAC VE MEDIKAL,Eczane,Sağlık,Kredi Kartı
2026-05-19,-185.0,STARBUCKS COFFEE,Starbucks,Restoran,Kredi Kartı
2026-05-19,-185.0,STARBUCKS COFFEE,Starbucks,Restoran,Kredi Kartı
2026-05-20,-191.61,STARBUCKS COFFEE,Starbucks,Restoran,Kredi Kartı
2026-05-20,-274.34,YEMEKSEPETI SIPARIS,Yemeksepeti,Restoran,Kredi Kartı
2026-05-20,-353.26,OTOMATİK FATURA İSKİ,İSKİ,Fatura,Vadesiz Hesap
2026-05-21,-192.71,BILETIX ETKINLIK BILETI,Biletix,Bilinmiyor,Kredi Kartı
2026-05-21,-371.59,GRATIS KISISEL BAKIM,Gratis,Sağlık,Kredi Kartı
2026-05-21,-199.12,STARBUCKS COFFEE,Starbucks,Restoran,Kredi Kartı
2026-05-22,-408.98,CARREFOURSA MINI KART,CarrefourSA,Market,Kredi Kartı
2026-05-22,-793.38,POS ALISVERIS MIGROS,Migros,Market,Kredi Kartı
2026-05-24,-130.74,POS HARCAMA BIM MARKET,BİM,Market,Kredi Kartı
2026-05-24,-79.99,GOOGLE YOUTUBE PREMIUM,YouTube Premium,Abonelik,Vadesiz Hesap
2026-05-25,-174.59,YEMEKSEPETI SIPARIS,Yemeksepeti,Restoran,Kredi Kartı
2026-05-29,-369.48,STARBUCKS COFFEE,Starbucks,Restoran,Kredi Kartı
2026-05-30,-177.99,POS HARCAMA BIM MARKET,BİM,Market,Kredi Kartı
2026-05-30,-293.32,SOK MARKETLER T.A.S.,Şok,Market,Kredi Kartı
2026-05-31,-203.8,CARREFOURSA MINI KART,CarrefourSA,Market,Kredi Kartı
2026-05-31,-111.3,GETIRYEMEK ODEME,GetirYemek,Restoran,Kredi Kartı
2026-05-31,-616.86,POS ALISVERIS MIGROS,Migros,Bilinmiyor,Kredi Kartı
2026-06-01,65000.0,MAAŞ ÖDEMESİ - ABC TEKNOLOJİ A.Ş.,ABC Teknoloji A.Ş.,Gelir,Vadesiz Hesap
2026-06-02,-976.39,MEDIAMARKT TEKNOLOJI,MediaMarkt,Teknoloji,Kredi Kartı
2026-06-02,-154.16,OTO YIKAMA VE TEMIZLIK,Oto Yıkama,Diğer,Kredi Kartı
2026-06-03,-403.99,SOK MARKETLER T.A.S.,Şok,Market,Kredi Kartı
2026-06-03,-18500.0,KİRA ÖDEMESİ - AHMET YILMAZ,Ev Sahibi Ahmet Yılmaz,Kira,Vadesiz Hesap
2026-06-04,-559.7,DEFACTO PERAKENDE,DeFacto,Giyim,Kredi Kartı
2026-06-04,-1689.63,MEDIAMARKT TEKNOLOJI,MediaMarkt,Teknoloji,Kredi Kartı
2026-06-04,-1250.0,MACFIT AYLIK ÜYELİK,MacFit,Abonelik,Vadesiz Hesap
2026-06-05,-402.52,ESPRESSOLAB KAHVE,EspressoLab,Restoran,Kredi Kartı
2026-06-05,-222.88,SHELL AKARYAKIT ISTASYONU,Shell,Bilinmiyor,Kredi Kartı
2026-06-06,-511.78,POS HARCAMA BIM MARKET,BİM,Market,Kredi Kartı
2026-06-06,-217.66,TCDD ONLINE BILET,TCDD Taşımacılık,Bilinmiyor,Kredi Kartı
2026-06-08,-619.45,D&R MAGAZALARI KITAP,D&R,Eğlence,Kredi Kartı
2026-06-09,-425.17,POS HARCAMA BIM MARKET,BİM,Market,Kredi Kartı
2026-06-09,-211.59,ECZANE ILAC VE MEDIKAL,Eczane,Sağlık,Kredi Kartı
2026-06-09,-179.8,KOFTECI YUSUF ET,Köfteci Yusuf,Restoran,Kredi Kartı
2026-06-10,-390.0,FATURA ÖDEMESİ TÜRK TELEKOM,Türk Telekom,Fatura,Vadesiz Hesap
2026-06-11,-267.91,STARBUCKS COFFEE,Starbucks,Restoran,Kredi Kartı
2026-06-11,-192.19,ISTANBULKART YUKLEME BELBIM,İstanbulkart,Ulaşım,Kredi Kartı
2026-06-11,-229.99,NETFLIX.COM ABONELİK,Netflix,Abonelik,Vadesiz Hesap
2026-06-12,-1263.18,APPLE STORE ZORLU,Apple Store,Teknoloji,Kredi Kartı
2026-06-12,-449.89,POS HARCAMA BIM MARKET,BİM,Market,Kredi Kartı
2026-06-12,-1771.98,TEKNOSA ELEKTRONIK,Teknosa,Teknoloji,Kredi Kartı
2026-06-12,-125.56,SOK MARKETLER T.A.S.,Şok,Market,Kredi Kartı
2026-06-13,-401.52,A101 YENIMAHALLE SUBESI,A101,Bilinmiyor,Kredi Kartı
2026-06-13,-256.49,STARBUCKS COFFEE,Starbucks,Restoran,Kredi Kartı
2026-06-15,-434.6,POS HARCAMA BIM MARKET,BİM,Market,Kredi Kartı
2026-06-15,-317.48,PTT KARGO GONDERIM,PTT,Diğer,Kredi Kartı
2026-06-15,-688.05,OTOMATİK FATURA ENERJİSA,Enerjisa,Fatura,Vadesiz Hesap
2026-06-16,-209.11,CARREFOURSA MINI KART,CarrefourSA,Market,Kredi Kartı
2026-06-16,-196.37,YEMEKSEPETI SIPARIS,Yemeksepeti,Restoran,Kredi Kartı
2026-06-17,-226.13,D&R MAGAZALARI KITAP,D&R,Eğlence,Kredi Kartı
2026-06-18,-364.77,A101 YENIMAHALLE SUBESI,A101,Market,Kredi Kartı
2026-06-18,-59.99,SPOTIFY PREMIUM,Spotify,Abonelik,Vadesiz Hesap
2026-06-19,-309.22,ISTANBULKART YUKLEME BELBIM,İstanbulkart,Ulaşım,Kredi Kartı
2026-06-20,-502.38,ESPRESSOLAB KAHVE,EspressoLab,Bilinmiyor,Kredi Kartı
2026-06-20,-186.55,GETIRYEMEK ODEME,GetirYemek,Restoran,Kredi Kartı
2026-06-20,-268.68,SHELL AKARYAKIT ISTASYONU,Shell,Ulaşım,Kredi Kartı
2026-06-20,-240.47,STEAM PURCHASE VALVE,Steam Games,Eğlence,Kredi Kartı
2026-06-20,-339.2,OTOMATİK FATURA İSKİ,İSKİ,Fatura,Vadesiz Hesap
2026-06-21,-396.03,BURGER KING SUBE,Burger King,Restoran,Kredi Kartı
2026-06-21,-534.76,POS HARCAMA BIM MARKET,BİM,Market,Kredi Kartı
2026-06-22,-141.44,CINEMAXIMUM SINEMA BILET,Cinemaximum,Eğlence,Kredi Kartı
2026-06-22,-107.31,MEMORIAL HASTANESI LAB,Memorial Hastanesi,Sağlık,Kredi Kartı
2026-06-22,-214.38,POS ALISVERIS MIGROS,Migros,Market,Kredi Kartı
2026-06-22,-109.09,ISTANBULKART YUKLEME BELBIM,İstanbulkart,Ulaşım,Kredi Kartı
2026-06-23,-112.78,BP PETROL OTOYOL,BP,Ulaşım,Kredi Kartı
2026-06-24,-106.66,TCDD ONLINE BILET,TCDD Taşımacılık,Ulaşım,Kredi Kartı
2026-06-25,-166.34,POS ALISVERIS MIGROS,Migros,Market,Kredi Kartı
2026-06-25,-79.99,GOOGLE YOUTUBE PREMIUM,YouTube Premium,Abonelik,Vadesiz Hesap
2026-06-26,-802.75,CARREFOURSA MINI KART,CarrefourSA,Market,Kredi Kartı
2026-06-26,-1679.6,TEKNOSA ELEKTRONIK,Teknosa,Teknoloji,Kredi Kartı
2026-06-27,-288.58,GETIRYEMEK ODEME,GetirYemek,Restoran,Kredi Kartı
2026-06-27,-256.05,STARBUCKS COFFEE,Starbucks,Restoran,Kredi Kartı
2026-06-28,-309.89,A101 YENIMAHALLE SUBESI,A101,Market,Kredi Kartı
2026-06-28,-267.39,POS HARCAMA BIM MARKET,BİM,Market,Kredi Kartı
2026-06-28,-805.63,DEFACTO PERAKENDE,DeFacto,Giyim,Kredi Kartı
2026-06-28,-511.22,STARBUCKS COFFEE,Starbucks,Restoran,Kredi Kartı
2026-06-29,-373.41,D&R MAGAZALARI KITAP,D&R,Bilinmiyor,Kredi Kartı
2026-07-01,-519.58,POS HARCAMA BIM MARKET,BİM,Market,Kredi Kartı
2026-07-01,-441.18,POS HARCAMA BIM MARKET,BİM,Market,Kredi Kartı
2026-07-01,-526.28,D&R MAGAZALARI KITAP,D&R,Bilinmiyor,Kredi Kartı
2026-07-01,65000.0,MAAŞ ÖDEMESİ - ABC TEKNOLOJİ A.Ş.,ABC Teknoloji A.Ş.,Gelir,Vadesiz Hesap
2026-07-03,-618.87,BOYNER BUYUK MAGAZACILIK,Boyner,Giyim,Kredi Kartı
2026-07-03,-354.59,CARREFOURSA MINI KART,CarrefourSA,Market,Kredi Kartı
2026-07-03,-337.01,KOFTECI YUSUF ET,Köfteci Yusuf,Bilinmiyor,Kredi Kartı
2026-07-03,-18500.0,KİRA ÖDEMESİ - AHMET YILMAZ,Ev Sahibi Ahmet Yılmaz,Kira,Vadesiz Hesap
2026-07-04,-1488.93,BOYNER BUYUK MAGAZACILIK,Boyner,Giyim,Kredi Kartı
2026-07-04,-151.45,BURGER KING SUBE,Burger King,Restoran,Kredi Kartı
2026-07-05,-132.94,GRATIS KISISEL BAKIM,Gratis,Sağlık,Kredi Kartı
2026-07-05,-969.68,LC WAIKIKI MAGAZACILIK,LC Waikiki,Giyim,Kredi Kartı
2026-07-05,-1250.0,MACFIT AYLIK ÜYELİK,MacFit,Abonelik,Vadesiz Hesap
2026-07-06,-639.8,POS ALISVERIS MIGROS,Migros,Market,Kredi Kartı
2026-07-06,-205.27,UBER TRIP YOLCULUK,Uber,Ulaşım,Kredi Kartı
2026-07-06,-946.66,ZARA GIYIM MAGAZA,Zara,Giyim,Kredi Kartı
2026-07-07,-1333.3,BOYNER BUYUK MAGAZACILIK,Boyner,Giyim,Kredi Kartı
2026-07-07,-250.65,POS HARCAMA BIM MARKET,BİM,Market,Kredi Kartı
2026-07-08,-355.69,CARREFOURSA MINI KART,CarrefourSA,Market,Kredi Kartı
2026-07-08,-135.56,ECZANE ILAC VE MEDIKAL,Eczane,Sağlık,Kredi Kartı
2026-07-08,-56.72,SHELL AKARYAKIT ISTASYONU,Shell,Bilinmiyor,Kredi Kartı
2026-07-08,-271.82,STARBUCKS COFFEE,Starbucks,Restoran,Kredi Kartı
2026-07-09,-291.95,PLAYSTATION NETWORK GIK,PlayStation Network,Eğlence,Kredi Kartı
2026-07-10,-390.0,FATURA ÖDEMESİ TÜRK TELEKOM,Türk Telekom,Fatura,Vadesiz Hesap
2026-07-11,-373.5,CARREFOURSA MINI KART,CarrefourSA,Market,Kredi Kartı
2026-07-12,-172.94,BURGER KING SUBE,Burger King,Restoran,Kredi Kartı
2026-07-12,-323.8,POS ALISVERIS MIGROS,Migros,Market,Kredi Kartı
2026-07-12,-483.08,PLAYSTATION NETWORK GIK,PlayStation Network,Eğlence,Kredi Kartı
2026-07-12,-392.05,STARBUCKS COFFEE,Starbucks,Restoran,Kredi Kartı
2026-07-12,-285.63,YEMEKSEPETI SIPARIS,Yemeksepeti,Restoran,Kredi Kartı
2026-07-12,-229.99,NETFLIX.COM ABONELİK,Netflix,Abonelik,Vadesiz Hesap
2026-07-13,-401.74,CARREFOURSA MINI KART,CarrefourSA,Market,Kredi Kartı
2026-07-13,-247.79,ESPRESSOLAB KAHVE,EspressoLab,Restoran,Kredi Kartı
2026-07-13,-212.82,PTT KARGO GONDERIM,PTT,Diğer,Kredi Kartı
2026-07-13,-707.72,TEKNOSA ELEKTRONIK,Teknosa,Teknoloji,Kredi Kartı
2026-07-15,-1212.84,DEFACTO PERAKENDE,DeFacto,Giyim,Kredi Kartı
2026-07-15,-227.01,TERZI TADILAT ISLERI,Terzi,Diğer,Kredi Kartı
2026-07-15,-663.0,OTOMATİK FATURA ENERJİSA,Enerjisa,Fatura,Vadesiz Hesap
2026-07-16,-1202.81,AMAZON TURKEY PERAKENDE,Amazon Türkiye,Teknoloji,Kredi Kartı
2026-07-16,-491.43,GRATIS KISISEL BAKIM,Gratis,Bilinmiyor,Kredi Kartı
2026-07-17,-333.55,A101 YENIMAHALLE SUBESI,A101,Market,Kredi Kartı
2026-07-17,-117.27,YEMEKSEPETI SIPARIS,Yemeksepeti,Restoran,Kredi Kartı
2026-07-18,-322.34,GETIRYEMEK ODEME,GetirYemek,Restoran,Kredi Kartı
2026-07-18,-186.07,SOK MARKETLER T.A.S.,Şok,Market,Kredi Kartı
2026-07-19,-347.55,A101 YENIMAHALLE SUBESI,A101,Market,Kredi Kartı
2026-07-19,-217.39,KOFTECI YUSUF ET,Köfteci Yusuf,Restoran,Kredi Kartı
2026-07-19,-262.76,PLAYSTATION NETWORK GIK,PlayStation Network,Eğlence,Kredi Kartı
2026-07-19,-200.08,STEAM PURCHASE VALVE,Steam Games,Eğlence,Kredi Kartı
2026-07-19,-59.99,SPOTIFY PREMIUM,Spotify,Abonelik,Vadesiz Hesap
2026-07-20,-320.0,OTOMATİK FATURA İSKİ,İSKİ,Fatura,Vadesiz Hesap
2026-07-21,-258.6,TCDD ONLINE BILET,TCDD Taşımacılık,Ulaşım,Kredi Kartı
2026-07-22,-6950.0,KOFTECI YUSUF ET,Köfteci Yusuf,Restoran,Kredi Kartı
2026-07-23,-132.87,SOK MARKETLER T.A.S.,Şok,Market,Kredi Kartı
2026-07-23,-79.99,GOOGLE YOUTUBE PREMIUM,YouTube Premium,Abonelik,Vadesiz Hesap
2026-07-24,-133.04,BP PETROL OTOYOL,BP,Ulaşım,Kredi Kartı
2026-07-24,-231.95,D&R MAGAZALARI KITAP,D&R,Eğlence,Kredi Kartı
2026-07-24,-893.21,MANGO TURKIYE GIYIM,Mango,Giyim,Kredi Kartı
2026-07-24,-329.68,PLAYSTATION NETWORK GIK,PlayStation Network,Eğlence,Kredi Kartı
2026-07-25,-354.88,MEMORIAL HASTANESI LAB,Memorial Hastanesi,Sağlık,Kredi Kartı
2026-07-25,-314.83,POS ALISVERIS MIGROS,Migros,Market,Kredi Kartı
2026-07-25,-172.17,YEMEKSEPETI SIPARIS,Yemeksepeti,Restoran,Kredi Kartı
2026-07-26,-716.77,CINEMAXIMUM SINEMA BILET,Cinemaximum,Bilinmiyor,Kredi Kartı
2026-07-26,-474.36,D&R MAGAZALARI KITAP,D&R,Bilinmiyor,Kredi Kartı
2026-07-27,-200.55,CARREFOURSA MINI KART,CarrefourSA,Market,Kredi Kartı
2026-07-27,-322.78,D&R MAGAZALARI KITAP,D&R,Eğlence,Kredi Kartı
2026-07-28,-328.59,PTT KARGO GONDERIM,PTT,Diğer,Kredi Kartı
2026-07-29,-272.59,CARREFOURSA MINI KART,CarrefourSA,Market,Kredi Kartı
2026-07-29,-115.08,OPET PETROL OTOMOTIV,Opet,Ulaşım,Kredi Kartı
2026-07-30,-443.15,LC WAIKIKI MAGAZACILIK,LC Waikiki,Giyim,Kredi Kartı
2026-07-31,-80.07,SHELL AKARYAKIT ISTASYONU,Shell,Ulaşım,Kredi Kartı
2026-08-01,-227.41,POS ALISVERIS MIGROS,Migros,Market,Kredi Kartı
2026-08-01,-238.43,UBER TRIP YOLCULUK,Uber,Ulaşım,Kredi Kartı
2026-08-01,65000.0,MAAŞ ÖDEMESİ - ABC TEKNOLOJİ A.Ş.,ABC Teknoloji A.Ş.,Gelir,Vadesiz Hesap
2026-08-03,-75.3,BP PETROL OTOYOL,BP,Ulaşım,Kredi Kartı
2026-08-03,-346.0,POS ALISVERIS MIGROS,Migros,Market,Kredi Kartı
2026-08-03,-379.74,STARBUCKS COFFEE,Starbucks,Restoran,Kredi Kartı
2026-08-03,-137.09,ISTANBULKART YUKLEME BELBIM,İstanbulkart,Ulaşım,Kredi Kartı
2026-08-03,-430.01,SOK MARKETLER T.A.S.,Şok,Market,Kredi Kartı
2026-08-03,-18500.0,KİRA ÖDEMESİ - AHMET YILMAZ,Ev Sahibi Ahmet Yılmaz,Kira,Vadesiz Hesap
2026-08-04,-159.11,OTO YIKAMA VE TEMIZLIK,Oto Yıkama,Diğer,Kredi Kartı
2026-08-04,-76.94,UBER TRIP YOLCULUK,Uber,Ulaşım,Kredi Kartı
2026-08-05,-675.08,A101 YENIMAHALLE SUBESI,A101,Bilinmiyor,Kredi Kartı
2026-08-05,-162.41,STARBUCKS COFFEE,Starbucks,Restoran,Kredi Kartı
2026-08-06,-385.32,POS ALISVERIS MIGROS,Migros,Market,Kredi Kartı
2026-08-06,-1250.0,MACFIT AYLIK ÜYELİK,MacFit,Abonelik,Vadesiz Hesap
2026-08-08,-347.15,A101 YENIMAHALLE SUBESI,A101,Market,Kredi Kartı
2026-08-08,-154.64,STARBUCKS COFFEE,Starbucks,Restoran,Kredi Kartı
2026-08-09,-376.25,KOFTECI YUSUF ET,Köfteci Yusuf,Restoran,Kredi Kartı
2026-08-10,-141.29,BP PETROL OTOYOL,BP,Ulaşım,Kredi Kartı
2026-08-10,-556.29,CARREFOURSA MINI KART,CarrefourSA,Market,Kredi Kartı
2026-08-10,-226.19,GRATIS KISISEL BAKIM,Gratis,Sağlık,Kredi Kartı
2026-08-10,-390.0,FATURA ÖDEMESİ TÜRK TELEKOM,Türk Telekom,Fatura,Vadesiz Hesap
2026-08-12,-824.95,POS HARCAMA BIM MARKET,BİM,Market,Kredi Kartı
2026-08-13,-222.08,BP PETROL OTOYOL,BP,Bilinmiyor,Kredi Kartı
2026-08-13,-423.73,POS ALISVERIS MIGROS,Migros,Market,Kredi Kartı
2026-08-13,-302.79,OPET PETROL OTOMOTIV,Opet,Ulaşım,Kredi Kartı
2026-08-13,-229.99,NETFLIX.COM ABONELİK,Netflix,Abonelik,Vadesiz Hesap
2026-08-14,-1637.25,MEDIAMARKT TEKNOLOJI,MediaMarkt,Teknoloji,Kredi Kartı
2026-08-14,-161.87,TERZI TADILAT ISLERI,Terzi,Diğer,Kredi Kartı
2026-08-15,-97.44,CINEMAXIMUM SINEMA BILET,Cinemaximum,Bilinmiyor,Kredi Kartı
2026-08-15,-262.82,SOK MARKETLER T.A.S.,Şok,Market,Kredi Kartı
2026-08-15,-688.05,OTOMATİK FATURA ENERJİSA,Enerjisa,Fatura,Vadesiz Hesap
2026-08-16,-116.0,A101 YENIMAHALLE SUBESI,A101,Market,Kredi Kartı
2026-08-16,-532.58,ACIBADEM POLIKLINIK,Acıbadem Sağlık,Sağlık,Kredi Kartı
2026-08-16,-411.12,BOYNER BUYUK MAGAZACILIK,Boyner,Giyim,Kredi Kartı
2026-08-17,-255.69,GETIRYEMEK ODEME,GetirYemek,Restoran,Kredi Kartı
2026-08-17,-59.99,SPOTIFY PREMIUM,Spotify,Abonelik,Vadesiz Hesap
2026-08-18,-769.84,BOYNER BUYUK MAGAZACILIK,Boyner,Giyim,Kredi Kartı
2026-08-19,-466.39,A101 YENIMAHALLE SUBESI,A101,Market,Kredi Kartı
2026-08-19,-508.35,BURGER KING SUBE,Burger King,Restoran,Kredi Kartı
2026-08-20,-146.15,BURGER KING SUBE,Burger King,Restoran,Kredi Kartı
2026-08-20,-468.23,POS HARCAMA BIM MARKET,BİM,Bilinmiyor,Kredi Kartı
2026-08-20,-300.8,OTOMATİK FATURA İSKİ,İSKİ,Fatura,Vadesiz Hesap
2026-08-21,-408.49,YEMEKSEPETI SIPARIS,Yemeksepeti,Restoran,Kredi Kartı
2026-08-22,-244.71,POS HARCAMA BIM MARKET,BİM,Market,Kredi Kartı
2026-08-22,-187.34,ECZANE ILAC VE MEDIKAL,Eczane,Sağlık,Kredi Kartı
2026-08-22,-195.18,PLAYSTATION NETWORK GIK,PlayStation Network,Bilinmiyor,Kredi Kartı
2026-08-23,-346.12,CARREFOURSA MINI KART,CarrefourSA,Market,Kredi Kartı
2026-08-23,-128.04,GETIRYEMEK ODEME,GetirYemek,Restoran,Kredi Kartı
2026-08-23,-207.92,STARBUCKS COFFEE,Starbucks,Restoran,Kredi Kartı
2026-08-24,-102.63,GETIRYEMEK ODEME,GetirYemek,Restoran,Kredi Kartı
2026-08-24,-792.83,LC WAIKIKI MAGAZACILIK,LC Waikiki,Giyim,Kredi Kartı
2026-08-24,-152.97,OPET PETROL OTOMOTIV,Opet,Ulaşım,Kredi Kartı
2026-08-24,-79.99,GOOGLE YOUTUBE PREMIUM,YouTube Premium,Abonelik,Vadesiz Hesap
2026-08-25,-282.86,STARBUCKS COFFEE,Starbucks,Restoran,Kredi Kartı
2026-08-26,-65.66,ACIBADEM POLIKLINIK,Acıbadem Sağlık,Sağlık,Kredi Kartı
2026-08-28,-278.3,POS HARCAMA BIM MARKET,BİM,Bilinmiyor,Kredi Kartı
2026-08-30,-574.25,BOYNER BUYUK MAGAZACILIK,Boyner,Giyim,Kredi Kartı
2026-08-30,-278.1,POS HARCAMA BIM MARKET,BİM,Market,Kredi Kartı
2026-08-30,-585.2,STEAM PURCHASE VALVE,Steam Games,Eğlence,Kredi Kartı
2026-08-30,-124.79,YEMEKSEPETI SIPARIS,Yemeksepeti,Restoran,Kredi Kartı
2026-08-31,-98.5,UBER TRIP YOLCULUK,Uber,Bilinmiyor,Kredi Kartı
2026-08-31,-569.43,SOK MARKETLER T.A.S.,Şok,Market,Kredi Kartı
2026-09-01,65000.0,MAAŞ ÖDEMESİ - ABC TEKNOLOJİ A.Ş.,ABC Teknoloji A.Ş.,Gelir,Vadesiz Hesap
2026-09-03,-498.23,KOFTECI YUSUF ET,Köfteci Yusuf,Restoran,Kredi Kartı
2026-09-03,-18500.0,KİRA ÖDEMESİ - AHMET YILMAZ,Ev Sahibi Ahmet Yılmaz,Kira,Vadesiz Hesap
2026-09-04,-1250.0,MACFIT AYLIK ÜYELİK,MacFit,Abonelik,Vadesiz Hesap
2026-09-05,-286.09,A101 YENIMAHALLE SUBESI,A101,Market,Kredi Kartı
2026-09-05,-270.55,A101 YENIMAHALLE SUBESI,A101,Market,Kredi Kartı
2026-09-05,-121.22,ESPRESSOLAB KAHVE,EspressoLab,Restoran,Kredi Kartı
2026-09-06,-471.23,A101 YENIMAHALLE SUBESI,A101,Market,Kredi Kartı
2026-09-06,-117.56,BURGER KING SUBE,Burger King,Bilinmiyor,Kredi Kartı
2026-09-06,-184.77,KOFTECI YUSUF ET,Köfteci Yusuf,Restoran,Kredi Kartı
2026-09-06,-586.52,LC WAIKIKI MAGAZACILIK,LC Waikiki,Bilinmiyor,Kredi Kartı
2026-09-06,-104.01,OTO YIKAMA VE TEMIZLIK,Oto Yıkama,Diğer,Kredi Kartı
2026-09-06,-238.87,TERZI TADILAT ISLERI,Terzi,Diğer,Kredi Kartı
2026-09-07,-289.57,POS HARCAMA BIM MARKET,BİM,Market,Kredi Kartı
2026-09-08,-1388.47,APPLE STORE ZORLU,Apple Store,Teknoloji,Kredi Kartı
2026-09-08,-214.17,BURGER KING SUBE,Burger King,Restoran,Kredi Kartı
2026-09-08,-236.3,ESPRESSOLAB KAHVE,EspressoLab,Restoran,Kredi Kartı
2026-09-08,-149.87,ISTANBULKART YUKLEME BELBIM,İstanbulkart,Ulaşım,Kredi Kartı
2026-09-09,-257.84,BURGER KING SUBE,Burger King,Bilinmiyor,Kredi Kartı
2026-09-10,-205.08,BP PETROL OTOYOL,BP,Ulaşım,Kredi Kartı
2026-09-10,-604.53,BURGER KING SUBE,Burger King,Restoran,Kredi Kartı
2026-09-10,-390.0,FATURA ÖDEMESİ TÜRK TELEKOM,Türk Telekom,Fatura,Vadesiz Hesap
2026-09-11,-149.08,BILETIX ETKINLIK BILETI,Biletix,Eğlence,Kredi Kartı
2026-09-11,-44.51,SHELL AKARYAKIT ISTASYONU,Shell,Ulaşım,Kredi Kartı
2026-09-11,-229.99,NETFLIX.COM ABONELİK,Netflix,Abonelik,Vadesiz Hesap
2026-09-12,-163.51,BURGER KING SUBE,Burger King,Bilinmiyor,Kredi Kartı
2026-09-13,-430.3,A101 YENIMAHALLE SUBESI,A101,Bilinmiyor,Kredi Kartı
2026-09-13,-705.42,POS HARCAMA BIM MARKET,BİM,Market,Kredi Kartı
2026-09-13,-407.82,D&R MAGAZALARI KITAP,D&R,Bilinmiyor,Kredi Kartı
2026-09-13,-184.89,YEMEKSEPETI SIPARIS,Yemeksepeti,Bilinmiyor,Kredi Kartı
2026-09-13,-356.16,SOK MARKETLER T.A.S.,Şok,Bilinmiyor,Kredi Kartı
2026-09-15,-180.35,SEMT KIRTASIYESI VE OFIS,Kırtasiye,Bilinmiyor,Kredi Kartı
2026-09-15,-218.65,MEMORIAL HASTANESI LAB,Memorial Hastanesi,Sağlık,Kredi Kartı
2026-09-15,-141.48,OPET PETROL OTOMOTIV,Opet,Ulaşım,Kredi Kartı
2026-09-15,-756.5,OTOMATİK FATURA ENERJİSA,Enerjisa,Fatura,Vadesiz Hesap
2026-09-16,-258.71,A101 YENIMAHALLE SUBESI,A101,Market,Kredi Kartı
2026-09-16,-262.28,GRATIS KISISEL BAKIM,Gratis,Sağlık,Kredi Kartı
2026-09-16,-134.8,KOFTECI YUSUF ET,Köfteci Yusuf,Restoran,Kredi Kartı
2026-09-18,-425.75,SOK MARKETLER T.A.S.,Şok,Market,Kredi Kartı
2026-09-18,-59.99,SPOTIFY PREMIUM,Spotify,Abonelik,Vadesiz Hesap
2026-09-19,-361.24,CARREFOURSA MINI KART,CarrefourSA,Market,Kredi Kartı
2026-09-19,-327.5,CARREFOURSA MINI KART,CarrefourSA,Market,Kredi Kartı
2026-09-19,-211.68,ESPRESSOLAB KAHVE,EspressoLab,Restoran,Kredi Kartı
2026-09-19,-55.91,STEAM PURCHASE VALVE,Steam Games,Bilinmiyor,Kredi Kartı
2026-09-20,-1050.45,HEPSIBURADA PAZARYERI,Hepsiburada,Teknoloji,Kredi Kartı
2026-09-20,-108.98,TCDD ONLINE BILET,TCDD Taşımacılık,Bilinmiyor,Kredi Kartı
2026-09-20,-286.74,OTOMATİK FATURA İSKİ,İSKİ,Fatura,Vadesiz Hesap
2026-09-21,-230.65,CARREFOURSA MINI KART,CarrefourSA,Market,Kredi Kartı
2026-09-21,-431.94,POS ALISVERIS MIGROS,Migros,Bilinmiyor,Kredi Kartı
2026-09-21,-525.04,PLAYSTATION NETWORK GIK,PlayStation Network,Eğlence,Kredi Kartı
2026-09-22,-146.25,A101 YENIMAHALLE SUBESI,A101,Market,Kredi Kartı
2026-09-22,-1068.68,BOYNER BUYUK MAGAZACILIK,Boyner,Giyim,Kredi Kartı
2026-09-22,-2171.37,TRENDYOL.COM ELEKTRONIK,Trendyol,Teknoloji,Kredi Kartı
2026-09-23,-716.91,MEDIAMARKT TEKNOLOJI,MediaMarkt,Teknoloji,Kredi Kartı
2026-09-24,-443.81,POS ALISVERIS MIGROS,Migros,Market,Kredi Kartı
2026-09-24,-333.22,SOK MARKETLER T.A.S.,Şok,Market,Kredi Kartı
2026-09-25,-79.99,GOOGLE YOUTUBE PREMIUM,YouTube Premium,Abonelik,Vadesiz Hesap
2026-09-26,-205.92,PLAYSTATION NETWORK GIK,PlayStation Network,Bilinmiyor,Kredi Kartı
2026-09-26,-385.3,STARBUCKS COFFEE,Starbucks,Bilinmiyor,Kredi Kartı
2026-09-30,-196.14,GRATIS KISISEL BAKIM,Gratis,Sağlık,Kredi Kartı
